{"cameraMode":{"drawMode":0,"name":"Shaded","section":"Shading Mode"},"sceneLighting":true,"audioPlay":false,"sceneViewState":{"showFog":true,"showMaterialUpdate":false,"showSkybox":true,"showFlares":true,"showImageEffects":true,"showParticleSystems":true},"in2DMode":false,"pivot":{"x":0.3490804433822632,"y":1.1148622035980225,"z":-0.0295296348631382},"rotation":{"x":0.13350442051887513,"y":-0.16859924793243409,"z":0.023053912445902826,"w":0.9763311147689819},"size":22.408666610717775,"orthographic":false}