{"cameraMode":{"drawMode":0,"name":"Shaded","section":"Shading Mode"},"sceneLighting":true,"audioPlay":false,"sceneViewState":{"showFog":true,"showMaterialUpdate":false,"showSkybox":true,"showFlares":true,"showImageEffects":true,"showParticleSystems":true},"in2DMode":false,"pivot":{"x":0.3490804433822632,"y":1.1148622035980225,"z":-0.0295296348631382},"rotation":{"x":0.26187047362327578,"y":0.47531858086586,"z":-0.1506350189447403,"w":0.8263252973556519},"size":14.33332633972168,"orthographic":false}